{
  "parent": "minecraft:item/generated",
  "textures": {
    "layer0": "minecraft:item/iron_nugget"
  },
    "overrides": [
    {"predicate": {"custom_model_data": 1}, "model": "item/medals/wood"},
    {"predicate": {"custom_model_data": 2}, "model": "item/medals/bronze"},
    {"predicate": {"custom_model_data": 3}, "model": "item/medals/silver"},
    {"predicate": {"custom_model_data": 4}, "model": "item/medals/gold"},
    {"predicate": {"custom_model_data": 5}, "model": "item/medals/prismatic"},
    {"predicate": {"custom_model_data": 6}, "model": "item/derpcoin/derpcoin"},
    {"predicate": {"custom_model_data": 7}, "model": "item/derpcoin/premium"},
    {"predicate": {"custom_model_data": 8}, "model": "item/derpcoin/gold_derpcoin"},
    {"predicate": {"custom_model_data": 9}, "model": "item/derpcoin/derpkey"},
    {"predicate": {"custom_model_data": 10}, "model": "item/derpcoin/derpcard"}
    ]
}