{
	"credit": "By TheFinn",
	"textures": {
		"0": "item/hats/tree",
		"particle": "item/hats/tree"
	},
	"elements": [
		{
			"from": [4, 8, 4],
			"to": [12, 16, 12],
			"faces": {
				"north": {"uv": [0, 0, 5.33333, 16], "texture": "#0"},
				"east": {"uv": [0, 0, 5.33333, 15.66667], "texture": "#0"},
				"south": {"uv": [0, 0, 5.33333, 16], "texture": "#0"},
				"west": {"uv": [0, 0, 5.33333, 16], "texture": "#0"},
				"up": {"uv": [5.33333, 0, 10.66667, 16], "texture": "#0"},
				"down": {"uv": [5.33333, 0, 10.66667, 16], "texture": "#0"}
			}
		},
		{
			"from": [4, 16, 4],
			"to": [12, 24, 12],
			"faces": {
				"north": {"uv": [0, 0, 5.33333, 16], "texture": "#0"},
				"east": {"uv": [0, 0, 5.33333, 15.66667], "texture": "#0"},
				"south": {"uv": [0, 0, 5.33333, 16], "texture": "#0"},
				"west": {"uv": [0, 0, 5.33333, 16], "texture": "#0"},
				"up": {"uv": [5.33333, 0, 10.66667, 16], "texture": "#0"},
				"down": {"uv": [5.33333, 0, 10.66667, 16], "texture": "#0"}
			}
		},
		{
			"from": [4, 0, 4],
			"to": [12, 8, 12],
			"faces": {
				"north": {"uv": [0, 0, 5.33333, 16], "texture": "#0"},
				"east": {"uv": [0, 0, 5.33333, 15.66667], "texture": "#0"},
				"south": {"uv": [0, 0, 5.33333, 16], "texture": "#0"},
				"west": {"uv": [0, 0, 5.33333, 16], "texture": "#0"},
				"up": {"uv": [5.33333, 0, 10.66667, 16], "texture": "#0"},
				"down": {"uv": [5.33333, 0, 10.66667, 16], "texture": "#0"}
			}
		},
		{
			"from": [4, 16, -4],
			"to": [12, 24, 4],
			"faces": {
				"north": {"uv": [10.66667, 0, 16, 16], "texture": "#0"},
				"east": {"uv": [10.66667, 0, 16, 16], "texture": "#0"},
				"south": {"uv": [10.66667, 0, 16, 16], "texture": "#0"},
				"west": {"uv": [10.66667, 0, 16, 16], "texture": "#0"},
				"up": {"uv": [10.66667, 0, 16, 16], "texture": "#0"},
				"down": {"uv": [10.66667, 0, 16, 16], "texture": "#0"}
			}
		},
		{
			"from": [12, 16, -4],
			"to": [20, 24, 4],
			"faces": {
				"north": {"uv": [10.66667, 0, 16, 16], "texture": "#0"},
				"east": {"uv": [10.66667, 0, 16, 16], "texture": "#0"},
				"south": {"uv": [10.66667, 0, 16, 16], "texture": "#0"},
				"west": {"uv": [10.66667, 0, 16, 16], "texture": "#0"},
				"up": {"uv": [10.66667, 0, 16, 16], "texture": "#0"},
				"down": {"uv": [10.66667, 0, 16, 16], "texture": "#0"}
			}
		},
		{
			"from": [12, 16, 4],
			"to": [20, 24, 12],
			"faces": {
				"north": {"uv": [10.66667, 0, 16, 16], "texture": "#0"},
				"east": {"uv": [10.66667, 0, 16, 16], "texture": "#0"},
				"south": {"uv": [10.66667, 0, 16, 16], "texture": "#0"},
				"west": {"uv": [10.66667, 0, 16, 16], "texture": "#0"},
				"up": {"uv": [10.66667, 0, 16, 16], "texture": "#0"},
				"down": {"uv": [10.66667, 0, 16, 16], "texture": "#0"}
			}
		},
		{
			"from": [12, 16, 12],
			"to": [20, 24, 20],
			"faces": {
				"north": {"uv": [10.66667, 0, 16, 16], "texture": "#0"},
				"east": {"uv": [10.66667, 0, 16, 16], "texture": "#0"},
				"south": {"uv": [10.66667, 0, 16, 16], "texture": "#0"},
				"west": {"uv": [10.66667, 0, 16, 16], "texture": "#0"},
				"up": {"uv": [10.66667, 0, 16, 16], "texture": "#0"},
				"down": {"uv": [10.66667, 0, 16, 16], "texture": "#0"}
			}
		},
		{
			"from": [4, 16, 12],
			"to": [12, 24, 20],
			"faces": {
				"north": {"uv": [10.66667, 0, 16, 16], "texture": "#0"},
				"east": {"uv": [10.66667, 0, 16, 16], "texture": "#0"},
				"south": {"uv": [10.66667, 0, 16, 16], "texture": "#0"},
				"west": {"uv": [10.66667, 0, 16, 16], "texture": "#0"},
				"up": {"uv": [10.66667, 0, 16, 16], "texture": "#0"},
				"down": {"uv": [10.66667, 0, 16, 16], "texture": "#0"}
			}
		},
		{
			"from": [-4, 16, 12],
			"to": [4, 24, 20],
			"faces": {
				"north": {"uv": [10.66667, 0, 16, 16], "texture": "#0"},
				"east": {"uv": [10.66667, 0, 16, 16], "texture": "#0"},
				"south": {"uv": [10.66667, 0, 16, 16], "texture": "#0"},
				"west": {"uv": [10.66667, 0, 16, 16], "texture": "#0"},
				"up": {"uv": [10.66667, 0, 16, 16], "texture": "#0"},
				"down": {"uv": [10.66667, 0, 16, 16], "texture": "#0"}
			}
		},
		{
			"from": [-4, 16, 4],
			"to": [4, 24, 12],
			"faces": {
				"north": {"uv": [10.66667, 0, 16, 16], "texture": "#0"},
				"east": {"uv": [10.66667, 0, 16, 16], "texture": "#0"},
				"south": {"uv": [10.66667, 0, 16, 16], "texture": "#0"},
				"west": {"uv": [10.66667, 0, 16, 16], "texture": "#0"},
				"up": {"uv": [10.66667, 0, 16, 16], "texture": "#0"},
				"down": {"uv": [10.66667, 0, 16, 16], "texture": "#0"}
			}
		},
		{
			"from": [-4, 16, -4],
			"to": [4, 24, 4],
			"faces": {
				"north": {"uv": [10.66667, 0, 16, 16], "texture": "#0"},
				"east": {"uv": [10.66667, 0, 16, 16], "texture": "#0"},
				"south": {"uv": [10.66667, 0, 16, 16], "texture": "#0"},
				"west": {"uv": [10.66667, 0, 16, 16], "texture": "#0"},
				"up": {"uv": [10.66667, 0, 16, 16], "texture": "#0"},
				"down": {"uv": [10.66667, 0, 16, 16], "texture": "#0"}
			}
		},
		{
			"from": [4, 24, -4],
			"to": [12, 32, 4],
			"faces": {
				"north": {"uv": [10.66667, 0, 16, 16], "texture": "#0"},
				"east": {"uv": [10.66667, 0, 16, 16], "texture": "#0"},
				"south": {"uv": [10.66667, 0, 16, 16], "texture": "#0"},
				"west": {"uv": [10.66667, 0, 16, 16], "texture": "#0"},
				"up": {"uv": [10.66667, 0, 16, 16], "texture": "#0"},
				"down": {"uv": [10.66667, 0, 16, 16], "texture": "#0"}
			}
		},
		{
			"from": [-4, 24, 4],
			"to": [4, 32, 12],
			"faces": {
				"north": {"uv": [10.66667, 0, 16, 16], "texture": "#0"},
				"east": {"uv": [10.66667, 0, 16, 16], "texture": "#0"},
				"south": {"uv": [10.66667, 0, 16, 16], "texture": "#0"},
				"west": {"uv": [10.66667, 0, 16, 16], "texture": "#0"},
				"up": {"uv": [10.66667, 0, 16, 16], "texture": "#0"},
				"down": {"uv": [10.66667, 0, 16, 16], "texture": "#0"}
			}
		},
		{
			"from": [4, 24, 4],
			"to": [12, 32, 12],
			"faces": {
				"north": {"uv": [10.66667, 0, 16, 16], "texture": "#0"},
				"east": {"uv": [10.66667, 0, 16, 16], "texture": "#0"},
				"south": {"uv": [10.66667, 0, 16, 16], "texture": "#0"},
				"west": {"uv": [10.66667, 0, 16, 16], "texture": "#0"},
				"up": {"uv": [10.66667, 0, 16, 16], "texture": "#0"},
				"down": {"uv": [10.66667, 0, 16, 16], "texture": "#0"}
			}
		},
		{
			"from": [12, 24, 4],
			"to": [20, 32, 12],
			"faces": {
				"north": {"uv": [10.66667, 0, 16, 16], "texture": "#0"},
				"east": {"uv": [10.66667, 0, 16, 16], "texture": "#0"},
				"south": {"uv": [10.66667, 0, 16, 16], "texture": "#0"},
				"west": {"uv": [10.66667, 0, 16, 16], "texture": "#0"},
				"up": {"uv": [10.66667, 0, 16, 16], "texture": "#0"},
				"down": {"uv": [10.66667, 0, 16, 16], "texture": "#0"}
			}
		},
		{
			"from": [4, 24, 12],
			"to": [12, 32, 20],
			"faces": {
				"north": {"uv": [10.66667, 0, 16, 16], "texture": "#0"},
				"east": {"uv": [10.66667, 0, 16, 16], "texture": "#0"},
				"south": {"uv": [10.66667, 0, 16, 16], "texture": "#0"},
				"west": {"uv": [10.66667, 0, 16, 16], "texture": "#0"},
				"up": {"uv": [10.66667, 0, 16, 16], "texture": "#0"},
				"down": {"uv": [10.66667, 0, 16, 16], "texture": "#0"}
			}
		}
	],
	"display": {
		"thirdperson_righthand": {
			"scale": [0.51, 0.51, 0.51]
		},
		"thirdperson_lefthand": {
			"scale": [0.51, 0.51, 0.51]
		},
		"firstperson_righthand": {
			"translation": [0, 0.75, 0],
			"scale": [0.4, 0.4, 0.4]
		},
		"firstperson_lefthand": {
			"translation": [0, 0.75, 0],
			"scale": [0.4, 0.4, 0.4]
		},
		"ground": {
			"scale": [0.5, 0.5, 0.5]
		},
		"gui": {
			"rotation": [27, -42, 0],
			"translation": [0, -3.5, 0],
			"scale": [0.4, 0.4, 0.4]
		},
		"head": {
			"translation": [0, -18, 0],
			"scale": [3.5, 3.5, 3.5]
		},
		"fixed": {
			"translation": [0, -3.5, -2.25],
			"scale": [0.5, 0.5, 0.5]
		}
	},
	"groups": [
		{
			"name": "logs",
			"origin": [0, 0, 0],
			"color": 0,
			"children": [0, 1, 2]
		},
		{
			"name": "leaves",
			"origin": [8, 8, 8],
			"color": 0,
			"children": [3, 4, 5, 6, 7, 8, 9, 10, 11, 12, 13, 14, 15]
		}
	]
}